H,Depth,MIN,AVG,STD,Estimation
32,15,-46.76105,-43.55810,44.42675,9.04026
