H,Depth,MIN,AVG,STD,Estimation
32768,14,-16.02817,-12.97145,13.31409,12.81814
