H,Depth,MIN,AVG,STD,Estimation
32768,14,-53.35287,-49.87644,50.70525,10.87242
