H,Depth,MIN,AVG,STD,Estimation
32768,15,-16.51191,-13.43488,13.81084,13.91460
