H,Depth,MIN,AVG,STD,Estimation
32768,14,-15.89366,-12.98746,13.32653,10.87250
