H,Depth,MIN,AVG,STD,Estimation
32,15,-16.21733,-13.58997,13.91574,13.91505
