H,Depth,MIN,AVG,STD,Estimation
32768,15,-16.75161,-13.72727,14.07807,14.07563
