H,Depth,MIN,AVG,STD,Estimation
32768,15,-16.53726,-13.71331,14.06788,14.07540
