H,Depth,MIN,AVG,STD,Estimation
32768,15,-16.44124,-13.73024,14.08012,14.07513
