H,Depth,MIN,AVG,STD,Estimation
32768,14,-15.56224,-12.97921,13.31732,12.81868
