H,Depth,MIN,AVG,STD,Estimation
32768,14,-15.82647,-12.96043,13.30323,12.81841
