H,Depth,MIN,AVG,STD,Estimation
0,15,-16.20130,-13.59372,13.91955,13.91385
