H,Depth,MIN,AVG,STD,Estimation
64,15,-16.26233,-13.59359,13.92010,13.91798
