H,Depth,MIN,AVG,STD,Estimation
32768,15,-16.84455,-13.98325,14.32187,14.31897
